Wall time,Step,Value
1615414369.5956008,190,-13.001134872436523
1615414460.7308044,430,-3.5075602531433105
1615414471.6652184,460,-6.788992404937744
1615414510.2762778,570,-9.850695610046387
1615414560.2822714,720,6.795033931732178
1615414570.3837945,750,1.5937683582305908
1615414637.1182818,950,3.9424755573272705
1615414843.6165373,1560,-4.5287394523620605
1615414853.9363585,1590,-7.3328938484191895
1615414882.4707997,1680,0.9167742729187012
1615415082.4935415,2300,5.444840431213379
1615415098.478365,2350,-4.344223976135254
1615415162.7771695,2560,-11.20715045928955
1615415176.825103,2610,4.410777568817139
1615415197.047552,2680,-5.040831565856934
1615415214.1212378,2740,-6.619384765625
1615415314.9708924,3090,-0.5214109420776367
1615415321.4174383,3110,-5.846922397613525
1615415344.4331076,3190,-0.5866394639015198
1615415425.4112976,3480,-1.3073877096176147
1615415484.6716242,3680,-3.174738883972168
1615415635.684411,4220,-6.012086868286133
1615415638.6291137,4230,5.346465110778809
1615415694.6506517,4430,2.075732469558716
1615415702.953799,4460,3.177877187728882
1615415747.575482,4610,-4.4174699783325195
1615415757.262913,4640,-2.9510080814361572
1615415759.9724681,4650,-0.7506143450737
1615415785.0922027,4750,2.9880642890930176
1615415957.159525,5370,2.4482100009918213
1615416030.721307,5640,-1.8060147762298584
1615416076.703833,5800,-1.2732998132705688
1615416095.2842462,5870,-3.1217434406280518
1615416098.543759,5880,-0.47249284386634827
1615416192.4166298,6210,3.9105799198150635
1615416233.0026898,6350,-4.76698637008667
1615416256.0914962,6430,-2.325910806655884
1615416260.7895272,6450,5.473731517791748
1615416268.1569526,6480,-10.557275772094727
1615416274.2223399,6500,-2.787235736846924
1615416307.9841962,6620,-5.554266452789307
1615416336.721553,6720,-2.528717041015625
1615416453.9318614,7150,-3.293250322341919
1615416476.3066235,7230,4.54578971862793
1615416498.1636364,7310,-0.8099846243858337
1615416557.7557611,7530,4.270549297332764
1615416568.760251,7570,-1.9136877059936523
1615416594.4356382,7660,-5.27916145324707
1615416606.239095,7700,6.193098545074463
1615416610.6979911,7720,-0.6911107897758484
1615416647.9150517,7860,3.4860541820526123
1615416652.6400347,7880,7.626731872558594
1615416667.537857,7930,2.9520463943481445
1615416672.100872,7950,2.0994954109191895
1615416693.453872,8030,-1.9996534585952759
1615416709.5355017,8090,-2.759122371673584
1615416713.0832584,8100,-7.760884761810303
1615416789.1907775,8370,-0.21675415337085724
1615416977.7653022,9080,2.8763763904571533
1615416982.733309,9100,4.767909526824951
1615417070.1617856,9430,7.600802421569824
1615417079.2288725,9460,3.7141482830047607
1615417124.8416278,9630,-5.4869208335876465
1615417149.7193,9720,-2.5522069931030273
1615417152.2465365,9730,1.8056472539901733
1615417167.2255995,9790,7.87988805770874
1615417169.9605153,9800,7.6993021965026855
1615417184.0856233,9850,0.12565703690052032
1615417234.4345448,10030,2.0191712379455566
1615417242.8915207,10060,0.6417164206504822
1615417266.8383563,10150,2.7362239360809326
1615417396.8680942,10640,0.8240106701850891
1615417404.496473,10670,-6.288712024688721
1615417420.846705,10730,1.7373417615890503
1615417437.7966187,10790,2.943532705307007
1615417451.5381708,10840,-1.914587378501892
1615417478.6776106,10940,3.1190459728240967
1615417495.3778164,11000,0.813890814781189
1615417508.1584675,11050,0.8379628658294678
1615417650.1159227,11570,-0.7999387383460999
1615417663.1604812,11620,-7.307351589202881
1615417665.4364142,11630,6.484752655029297
1615417713.7770898,11810,-7.532201290130615
1615417749.9766216,11940,3.0134425163269043
1615417786.125667,12070,-7.5364508628845215
1615417889.3160832,12450,3.2554893493652344
1615417933.0890908,12620,4.1825666427612305
1615417982.107975,12820,-4.556230068206787
1615417996.4662063,12880,3.496835231781006
1615418012.4530299,12950,5.675967216491699
1615418067.3572285,13170,4.864173889160156
1615418075.339733,13200,-4.557201385498047
1615418101.570359,13310,-2.459395408630371
1615418108.5064507,13340,8.611660957336426
1615418116.482339,13370,-3.1464409828186035
1615418118.8506517,13380,-2.4489455223083496
1615418241.4573252,13860,7.632622241973877
1615418257.1455078,13920,5.072308540344238
1615418259.3822746,13930,8.186714172363281
1615418314.6670647,14150,6.132803916931152
1615418345.9711096,14270,2.2840323448181152
1615418373.7661123,14370,-5.428191184997559
1615418449.558321,14670,5.418221473693848
1615418477.643908,14780,1.88627028465271
1615418501.2577968,14860,-4.5388288497924805
1615418516.4500678,14920,-0.014670329168438911
1615418597.9577212,15240,7.619434356689453
1615418608.0384092,15280,-3.2568817138671875
1615418670.1073153,15530,1.655559778213501
1615418713.47081,15690,-0.5740262269973755
1615418716.23948,15700,1.872243881225586
1615418754.3024445,15850,-12.539306640625
1615418764.4324455,15890,4.607929229736328
1615418806.4683273,16060,7.63602876663208
1615418898.1461804,16410,-3.2913007736206055
1615418919.7413282,16490,1.900006890296936
1615418970.2063088,16690,8.347274780273438
1615419006.180679,16830,3.2028872966766357
1615419030.824439,16920,8.38454818725586
1615419047.0787864,16980,2.934030294418335
1615419051.9939492,17000,7.962308883666992
1615419059.7925456,17030,1.9363439083099365
1615419076.7138135,17100,0.08679810911417007
1615419101.462346,17190,3.7337987422943115
1615419135.390651,17330,0.11429282277822495
1615419141.0948308,17350,-2.159505605697632
1615419148.0550494,17380,-6.449861526489258
1615419169.2135649,17460,2.3830888271331787
1615419172.2021244,17470,5.623847007751465
1615419243.3278108,17760,-1.5257939100265503
1615419258.8065324,17820,3.8545193672180176
1615419320.6218827,18060,7.598587989807129
1615419373.849369,18270,2.6507248878479004
1615419418.6521277,18450,3.6756532192230225
1615419440.924522,18540,0.4342234134674072
1615419472.1737387,18670,8.208383560180664
1615419480.7806842,18700,-2.1467840671539307
1615419503.4748487,18780,4.266040325164795
1615419606.4191382,19180,4.938775062561035
1615419648.8473616,19350,-4.852865219116211
1615419677.0105343,19450,0.6052505373954773
1615419684.7921045,19480,7.455148696899414
1615419742.2176902,19680,5.976420879364014
1615419784.892511,19840,-4.162079334259033
1615419833.5268595,20020,-0.5472766160964966
1615419845.1813347,20060,8.235064506530762
1615419867.4769614,20140,-4.843934535980225
1615419914.5192356,20310,4.697889804840088
1615419930.7920673,20370,0.08791464567184448
1615419997.0503302,20610,8.385824203491211
1615420033.205832,20740,1.6538805961608887
1615420040.5361576,20770,7.698436260223389
1615420043.2364316,20780,2.563659191131592
1615420064.3167655,20860,-1.154552936553955
1615420074.6286604,20900,-10.296260833740234
1615420093.3045888,20970,5.892793655395508
1615420131.235292,21120,-0.7326495051383972
1615420216.3608491,21460,2.7872514724731445
1615420227.682012,21500,6.024358749389648
1615420244.416209,21570,4.074117660522461
1615420267.5131352,21660,4.1586151123046875
1615420326.3845117,21880,3.4819018840789795
1615420336.0683672,21920,5.380105972290039
1615420356.0859516,22000,-2.242222547531128
1615420378.294882,22080,5.890900135040283
1615420388.1432912,22120,4.958841323852539
1615420440.3193493,22320,-1.9785367250442505
1615420453.1079946,22370,8.549957275390625
1615420455.7384756,22380,2.0674121379852295
1615420461.2131348,22400,2.7941336631774902
1615420469.165217,22430,-2.368830919265747
1615420502.4436927,22550,8.033122062683105
1615420510.95089,22580,6.20111608505249
1615420524.6343517,22630,3.1886377334594727
1615420572.9435542,22820,-0.14995068311691284
1615420612.8604562,22980,4.6026291847229
1615420639.1517344,23080,2.4238789081573486
1615420669.4240422,23200,-0.8194209933280945
1615420735.980097,23460,2.683694839477539
1615420762.6611083,23550,-0.19009196758270264
1615420859.941159,23900,2.9830546379089355
1615420863.5786266,23910,-2.571730136871338
1615420868.3581743,23930,5.6787824630737305
1615420987.5278127,24370,-1.6356779336929321
1615421009.5056965,24450,4.071631908416748
1615421033.6430364,24540,4.968088150024414
1615421038.6596074,24560,-2.035346508026123
1615421051.2710626,24610,-0.2916489243507385
1615421117.0099225,24860,8.012412071228027
1615421119.2880816,24870,7.517971992492676
1615421146.9539616,24970,5.624636173248291
1615421153.2133384,24990,-1.9781991243362427
1615421167.693653,25040,4.548997402191162
1615421207.6477573,25180,2.253147840499878
1615421223.9359813,25240,0.17357978224754333
1615421249.3392043,25330,-4.049120903015137
1615421290.1228757,25480,1.4532876014709473
1615421301.8381217,25520,6.260807514190674
1615421307.271578,25540,8.025813102722168
1615421378.6667702,25790,7.967615127563477
1615421435.7083738,26010,5.067543029785156
1615421450.2178786,26070,8.376110076904297
1615421494.3474395,26240,7.349856376647949
1615421508.7551534,26300,6.763679027557373
1615421578.2648215,26560,8.003853797912598
1615421635.8792913,26790,5.473165512084961
1615421653.9333317,26860,-4.755190372467041
1615421666.5916193,26910,-6.2658843994140625
1615421699.4204712,27040,-3.3229691982269287
1615421718.1351664,27110,7.805231094360352
1615421760.7687624,27260,3.1649973392486572
1615421800.4075522,27410,4.965824127197266
1615421836.0952692,27550,4.020636558532715
1615421928.2633085,27900,5.935878753662109
1615421930.4687886,27910,2.986841917037964
1615421933.652702,27920,-0.5779603123664856
1615422150.7189949,28730,-1.1020094156265259
1615422177.064105,28820,4.589900016784668
1615422201.9283211,28910,2.59092378616333
1615422216.0808609,28970,8.309828758239746
1615422282.9347415,29210,-3.0414249897003174
1615422418.1581776,29680,1.648036241531372
1615422439.1018064,29760,2.2280681133270264
1615422539.5582893,30120,8.03342342376709
1615422582.4550986,30280,5.753282070159912
1615422591.518008,30310,0.8193321824073792
1615422612.9162035,30390,-3.96299409866333
1615422621.666902,30420,0.4901035726070404
1615422688.0445943,30660,1.4137991666793823
1615422700.161852,30700,1.1093320846557617
1615422787.8817856,31000,1.1618493795394897
1615422851.8915303,31230,3.973994731903076
1615422897.6259255,31380,4.599560737609863
1615422949.3018227,31560,3.6821417808532715
1615422965.419921,31620,3.197913646697998
1615423009.8061914,31780,3.5383265018463135
1615423056.6048775,31960,3.7942137718200684
1615423059.1469853,31970,6.043565273284912
1615423153.4683702,32310,7.514406204223633
1615423180.6811464,32410,-0.7551404237747192
1615423188.7275906,32440,4.710222244262695
1615423190.7790868,32450,4.658567428588867
1615423195.577733,32470,7.864835262298584
1615423199.1711218,32480,-5.099658966064453
1615423264.526762,32730,3.8412392139434814
1615423355.0146918,33060,3.1250202655792236
1615423420.2260573,33290,7.844794750213623
1615423467.3268342,33460,8.329582214355469
1615423554.3721159,33770,-6.232198715209961
1615423630.3334758,34040,-0.4767082929611206
1615423641.694969,34090,7.9507598876953125
1615423701.4939208,34310,5.890579700469971
1615423752.7005117,34500,5.835294246673584
1615423758.7301865,34520,0.9609113931655884
1615423794.5741856,34650,2.852039337158203
1615423839.4181993,34810,5.773990154266357
1615423916.5924761,35100,6.786984920501709
1615423925.3254263,35130,3.230781316757202
1615423990.4809613,35380,5.248004913330078
1615424060.1550663,35640,1.6819301843643188
1615424109.9735675,35810,3.577803373336792
1615424166.129072,36010,4.901631832122803
1615424219.5604389,36190,2.6501479148864746
1615424224.4156337,36210,3.834909439086914
1615424229.9918442,36230,1.2059743404388428
1615424246.4077358,36290,4.475371837615967
1615424319.1720605,36570,7.8785552978515625
1615424359.7059991,36710,5.341797351837158
1615424511.7382803,37270,5.917535781860352
1615424523.1066184,37310,3.378840684890747
1615424543.432321,37390,4.24671745300293
1615424552.0741873,37420,-1.6720945835113525
1615424636.7804027,37730,3.736016273498535
1615424659.9130988,37810,4.200616836547852
1615424695.9155138,37940,4.83565092086792
1615424711.2168496,37990,-3.7241523265838623
1615424760.191108,38150,1.7305889129638672
1615424774.6630151,38200,5.294713973999023
1615424779.8984451,38220,7.725280284881592
1615424809.7058966,38320,4.281895160675049
1615424821.8922343,38360,4.638620853424072
1615424911.302441,38650,5.996304035186768
1615424946.7162793,38770,5.850137233734131
1615425095.3262548,39290,3.566967725753784
1615425114.4742668,39360,-1.1230289936065674
1615425127.1866229,39400,0.956742525100708
1615425155.6316698,39510,7.563863277435303
1615425173.1612833,39570,8.380187034606934
1615425189.3433633,39630,8.546478271484375
1615425253.3753939,39850,1.0511524677276611
1615425322.3601513,40100,-4.4734206199646
1615425325.2374656,40110,4.975429534912109
1615425357.9868686,40230,2.6009910106658936
1615425389.4660418,40340,3.104309558868408
1615425398.065941,40370,-4.087064743041992
1615425556.694744,40940,7.469155788421631
1615425570.7323353,40990,5.511616230010986
1615425573.5561204,41000,8.339862823486328
1615425601.095645,41100,8.34700870513916
1615425807.4647555,41830,3.5211069583892822
1615425839.802007,41940,2.9353842735290527
1615425842.4837844,41950,1.3870408535003662
1615425848.3283668,41970,-1.4887747764587402
1615425862.8484983,42020,0.9593006372451782
1615425866.136096,42030,-4.313971996307373
1615425939.5523622,42280,-0.9711435437202454
1615425955.741767,42330,0.25661131739616394
1615425963.2530766,42360,1.0729286670684814
1615425986.0494065,42440,2.6200764179229736
1615426046.5615218,42640,4.167390823364258
1615426055.4320917,42670,3.064866542816162
1615426058.3824873,42680,4.080287933349609
1615426100.3062744,42830,3.0642945766448975
1615426146.8628335,42990,-7.1937479972839355
1615426162.7421107,43050,5.495219707489014
1615426200.359981,43180,1.9455522298812866
1615426206.5274918,43200,-5.0355963706970215
1615426244.173259,43330,2.180636167526245
1615426276.2910423,43440,8.109790802001953
1615426348.8367105,43700,1.723146677017212
1615426372.9859574,43790,4.498551845550537
1615426414.0322487,43940,8.242445945739746
1615426434.663494,44010,-2.3990414142608643
1615426452.1778672,44070,4.954964637756348
1615426463.080528,44110,2.718628168106079
1615426521.0347052,44310,-11.667264938354492
1615426529.2194445,44340,-1.3844923973083496
1615426649.084577,44760,-0.40999701619148254
1615426698.499263,44930,1.188330054283142
1615426748.80235,45100,8.355836868286133
1615426751.847869,45110,2.7775251865386963
1615426807.368854,45310,5.600771903991699
1615426815.1138604,45340,8.253483772277832
1615426840.3654716,45430,5.417579174041748
1615426871.5584621,45540,-4.01785945892334
1615426938.7746894,45790,3.7169177532196045
1615426947.3811488,45820,4.728486061096191
1615426987.4057155,45960,-0.34560394287109375
1615426992.7114336,45980,4.29665994644165
1615426997.9144921,46000,2.841472864151001
1615427076.2208087,46290,8.205183029174805
1615427155.8555815,46570,4.325679302215576
1615427177.0692518,46650,2.0635101795196533
1615427187.9976976,46690,5.317745208740234
1615427210.7038014,46770,1.8047459125518799
1615427243.1655033,46880,0.615802526473999
1615427321.9445615,47140,-3.1536402702331543
1615427335.7693763,47190,-2.866016387939453
1615427381.484331,47350,0.49606916308403015
1615427430.981777,47510,0.20000812411308289
1615427452.4791508,47590,4.7456560134887695
1615427478.9347785,47680,2.901007890701294
1615427504.605942,47770,0.4889329969882965
1615427535.1090252,47880,5.198043346405029
1615427538.0241804,47890,6.239473819732666
1615427555.369374,47950,8.076889991760254
1615427573.0240211,48010,7.815109729766846
1615427578.6626933,48030,0.11046521365642548
1615427587.2558575,48060,0.8088609576225281
1615427690.2189689,48410,7.516969680786133
1615427726.437053,48530,-0.7377498149871826
1615427780.9178677,48720,8.562092781066895
1615427846.4938054,48950,8.526001930236816
1615427899.8911426,49150,-2.7771079540252686
1615427971.719289,49390,6.224300861358643
1615428015.3647966,49550,-2.336263418197632
1615428035.9487514,49630,5.946821212768555
1615428061.3679655,49720,5.8388142585754395
1615428069.0462263,49750,1.9387264251708984
1615428074.1730652,49770,8.165058135986328
1615428216.5511417,50280,-3.7606287002563477
1615428222.812096,50310,3.1444594860076904
1615428276.0890703,50510,-1.6703362464904785
1615428280.3352554,50530,2.726773262023926
1615428283.6325552,50540,-0.3969057500362396
1615428302.733528,50610,2.95361590385437
1615428353.5467174,50790,4.551653861999512
1615428427.6761682,51070,7.9699931144714355
1615428481.0682673,51270,3.7084035873413086
1615428486.631548,51290,2.6415228843688965
1615428502.191734,51350,7.634541034698486
1615428574.4110606,51610,2.9803314208984375
1615428589.7073083,51660,5.311248302459717
1615428636.6150923,51830,7.757040023803711
1615428687.9501355,52010,-2.4974870681762695
1615428711.5643191,52090,3.800553560256958
1615428794.6211154,52400,7.970699310302734
1615428869.5031874,52670,3.050581216812134
1615428934.071406,52900,5.4890899658203125
1615429016.971123,53190,0.8475551009178162
1615429048.3006907,53300,3.6942272186279297
1615429092.9917743,53460,2.292400598526001
1615429128.7362516,53600,7.523682594299316
1615429181.4320767,53810,3.3539531230926514
1615429275.7048268,54210,4.036401271820068
1615429331.8230102,54430,1.3599207401275635
1615429343.6487806,54480,7.3616042137146
1615429433.0594416,54850,1.188827395439148
1615429456.4879298,54960,-1.6584835052490234
1615429470.078609,55020,4.846719264984131
1615429499.8683994,55160,2.7386155128479004
1615429504.6137576,55180,4.49744987487793
1615429568.0916827,55500,5.530515670776367
1615429614.1646655,55740,5.287021636962891
1615429637.9532192,55860,-1.2848615646362305
1615429641.097023,55880,5.728787422180176
1615429651.8182228,55940,4.4420552253723145
1615429675.4761357,56060,-1.0097980499267578
1615429726.8291457,56310,-3.728423595428467
1615429783.246273,56590,7.004385471343994
1615429786.9615104,56610,5.419352054595947
1615429794.7444272,56650,6.107800006866455
1615429823.9887397,56800,6.137220859527588
1615429905.2660308,57210,1.3732764720916748
1615429910.7001777,57240,7.89498233795166
1615429946.7528799,57420,-7.114460468292236
1615429981.3183053,57600,1.816580057144165
1615430015.2519085,57770,3.6924421787261963
1615430021.2821412,57800,-7.405045986175537
1615430041.3273275,57900,2.391611099243164
1615430078.1948502,58080,-3.518254280090332
1615430079.9321845,58090,3.484104871749878
1615430113.3203368,58260,4.422799587249756
1615430119.7400773,58290,6.122316837310791
1615430188.0955381,58630,1.7016246318817139
1615430192.4399757,58650,3.29036545753479
1615430206.693611,58720,5.513417720794678
1615430259.9614887,58990,-2.396475076675415
1615430278.3374512,59080,-2.57708477973938
1615430319.8773825,59290,-2.758124589920044
1615430368.8981721,59530,8.393669128417969
1615430379.2616591,59580,6.928177356719971
1615430391.161809,59640,4.414218425750732
1615430446.6828523,59910,0.7419533729553223
1615430488.1508257,60110,-0.24067792296409607
1615430498.0124097,60160,7.863215923309326
1615430528.8313353,60310,1.265709638595581
1615430540.2882345,60360,1.919576644897461
1615430588.8123431,60610,-0.9666573405265808
1615430619.9179347,60790,4.844729900360107
1615430628.3128967,60830,2.209176778793335
1615430638.666949,60880,8.166072845458984
1615430668.2728646,61040,2.0306973457336426
1615430671.9534476,61060,1.5783262252807617
1615430701.6645637,61220,8.113869667053223
1615430705.1935725,61240,8.114842414855957
1615430717.4206023,61300,7.813237190246582
1615430721.1360316,61320,5.137835502624512
1615430749.4920533,61460,-3.8870203495025635
1615430757.274126,61500,2.514204978942871
1615430800.335151,61730,-8.086277961730957
1615430818.2531877,61820,2.173640012741089
1615430855.7157366,62010,1.7993735074996948
1615430875.3697734,62120,0.7229187488555908
1615430879.330658,62140,3.4084200859069824
1615430890.4622767,62200,7.2372050285339355
1615430915.5089312,62330,-0.5530699491500854
1615430949.2936618,62510,3.3595283031463623
1615431022.924062,62900,4.918148040771484
1615431070.0738416,63130,0.6147634983062744
1615431077.666951,63170,4.474283695220947
1615431080.0234406,63180,-1.1110615730285645
1615431094.1963356,63250,5.6481547355651855
1615431128.1900177,63420,2.89042329788208
1615431150.1961348,63530,6.4944658279418945
1615431172.4426394,63640,-3.284766912460327
1615431187.0864887,63710,3.031365394592285
1615431198.051858,63770,-0.08499792218208313
1615431247.5850801,64010,1.7340315580368042
1615431354.4797153,64560,0.3174811601638794
1615431362.7469802,64600,8.322501182556152
1615431390.5848207,64730,5.2962799072265625
1615431437.977265,64960,3.1663577556610107
1615431439.7684972,64970,7.699843883514404
1615431448.0817325,65010,2.432013750076294
1615431488.8022516,65210,-4.280012130737305
1615431490.8812659,65220,7.689071178436279
1615431492.7711163,65230,8.086833000183105
1615431510.674118,65310,4.74763298034668
1615431551.7099123,65510,7.549357891082764
1615431599.5874653,65750,0.5598151087760925
1615431612.878976,65820,6.760377407073975
1615431619.1409252,65850,3.318575382232666
1615431657.7350926,66040,3.5521762371063232
1615431767.071628,66580,1.554228663444519
1615431786.1841245,66670,-9.408690452575684
1615431789.7120204,66690,7.944887638092041
1615431797.9588556,66730,-2.151547908782959
1615431809.6834104,66790,3.7273945808410645
1615431815.3508556,66820,-0.8447703719139099
1615431830.705093,66890,2.545379877090454
1615431846.9361365,66970,3.1982648372650146
1615431851.9085543,67000,6.039437294006348
1615431875.7145925,67120,2.199209690093994
1615431930.6824317,67390,7.034751892089844
1615431939.106663,67430,-3.540759563446045
1615431962.1623669,67540,7.583306312561035
1615431984.7864122,67650,1.2241848707199097
1615432127.1810153,68330,8.021184921264648
1615432158.4455123,68470,7.997640132904053
1615432175.7035155,68550,6.747357368469238
1615432206.9992974,68690,4.976861953735352
1615432208.8299515,68700,7.772441864013672
1615432263.9705713,68960,5.1413774490356445
1615432293.3229876,69100,7.8120598793029785
1615432348.270346,69350,-1.3070985078811646
1615432409.079258,69640,5.202421188354492
1615432415.566216,69670,2.0789918899536133
1615432469.2638214,69930,2.2309207916259766
1615432506.9335842,70110,4.968350410461426
1615432515.7871523,70150,5.056234836578369
1615432569.2400885,70400,5.83112907409668
1615432583.4207776,70470,7.969816207885742
1615432625.5024137,70660,-0.8537532687187195
1615432679.1028395,70920,1.8105967044830322
1615432711.272484,71070,0.2971075475215912
1615432724.7673142,71150,7.450976371765137
1615432727.1930485,71160,-3.708245277404785
1615432774.1552784,71380,-1.8718262910842896
1615432783.0150635,71420,6.146369934082031
1615432812.7475855,71560,4.263658046722412
1615432855.1506238,71760,5.531766891479492
1615432893.461353,71960,7.104337215423584
1615432911.2134335,72050,6.252876281738281
1615432929.9564269,72140,2.5212535858154297
1615432933.906751,72160,6.440781116485596
1615432936.0600245,72170,0.4168083965778351
1615432977.0912201,72360,-15.23261547088623
1615432982.7354023,72390,0.7768867611885071
1615433000.6224587,72480,7.517866134643555
1615433078.765319,72850,3.641587018966675
1615433112.1340718,73010,1.3159877061843872
1615433135.7310393,73120,8.164589881896973
1615433173.2822433,73300,7.769242286682129
1615433194.8361294,73400,-1.340716004371643
1615433197.1132846,73410,5.595323085784912
1615433224.7297106,73540,8.126896858215332
1615433235.3729262,73590,7.393550395965576
1615433237.5284948,73600,2.1669952869415283
1615433286.582899,73830,2.3398990631103516
1615433295.353074,73870,1.9535105228424072
1615433327.830007,74020,5.1260528564453125
1615433394.4230797,74320,3.5615463256835938
1615433414.8315408,74410,0.5224170684814453
1615433421.5646837,74440,-6.161604881286621
1615433437.4508247,74510,6.073470592498779
1615433460.1194713,74610,0.6272749304771423
1615433467.5121205,74640,-0.7220020890235901
1615433478.054709,74690,-2.980048656463623
1615433497.1441352,74790,5.894687175750732
1615433546.979557,75030,3.258399248123169
1615433566.5226173,75120,0.8977998495101929
1615433609.6648633,75310,2.198974609375
1615433646.6239529,75480,7.808438777923584
1615433755.0438638,75970,3.091773509979248
1615433782.906639,76100,4.290008068084717
1615433789.8778052,76130,-0.8377056121826172
1615433854.5440717,76440,-1.7150390148162842
1615433857.078488,76450,-0.4014594554901123
1615433891.3351038,76620,7.761662483215332
1615433910.889363,76720,7.830934524536133
1615433922.016035,76770,-0.9841629862785339
1615433945.7688847,76880,7.833403587341309
1615433958.3714406,76940,8.102447509765625
1615433974.2023296,77010,0.3275095522403717
1615434013.011007,77190,-0.2580786943435669
1615434023.6799388,77240,-1.0015861988067627
1615434034.5088758,77290,-2.0954389572143555
1615434071.8490129,77470,8.189872741699219
1615434096.2075307,77580,0.17082034051418304
1615434103.2911048,77610,5.124271869659424
1615434149.3092322,77810,-1.075516939163208
1615434165.329213,77890,2.4195377826690674
1615434187.2365425,77990,2.861506700515747
1615434212.5314481,78110,0.030246777459979057
1615434259.1228645,78340,-2.253908395767212
1615434269.0379467,78390,2.847104787826538
1615434393.6467464,79000,2.8561289310455322
1615434396.1655488,79010,-0.7712525725364685
1615434403.7905786,79050,-4.232419967651367
1615434464.9356894,79330,4.296300411224365
1615434554.7091315,79760,8.01425552368164
1615434571.1394122,79840,3.3296656608581543
1615434588.1775827,79920,0.511591374874115
1615434590.0732594,79930,6.079293251037598
1615434664.242333,80270,2.711524724960327
1615434688.6669185,80380,4.6768693923950195
1615434716.9206128,80500,-2.567746162414551
1615434722.741346,80530,2.3130886554718018
1615434753.7034385,80670,7.975935935974121
1615434879.4610233,81270,0.17595171928405762
1615434933.0966148,81510,-3.8168585300445557
1615435002.737255,81810,2.990908622741699
1615435012.7591217,81850,2.478278398513794
1615435042.945777,81990,0.4562854468822479
1615435079.3866994,82160,-2.8001952171325684
1615435091.004709,82220,7.960869789123535
1615435181.1308115,82640,-4.84220552444458
1615435216.924462,82800,8.296140670776367
1615435241.9546294,82910,-0.7203806042671204
1615435262.2595496,83000,-0.8014745116233826
1615435279.5620306,83080,2.8506898880004883
1615435324.7716472,83280,-3.5917651653289795
1615435328.452755,83300,8.245505332946777
1615435335.2104714,83330,3.619171619415283
1615435339.4086006,83350,-1.097877860069275
1615435351.2638557,83410,-1.839005947113037
1615435378.350727,83530,2.9377944469451904
1615435395.0160182,83610,2.9616777896881104
1615435401.8019657,83640,-0.8078006505966187
1615435412.7055342,83690,-2.7318248748779297
1615435429.9233449,83760,-0.744312047958374
1615435433.8358293,83780,-1.0138062238693237
1615435546.066112,84290,1.3380045890808105
1615435570.0117526,84400,6.083017826080322
1615435585.658692,84480,8.109330177307129
1615435628.751426,84680,0.5481590032577515
1615435631.217963,84690,-3.13810658454895
1615435635.6211512,84710,8.187179565429688
1615435663.8523226,84850,7.735274314880371
1615435671.454704,84890,5.758832931518555
1615435691.5515535,84980,3.827282428741455
1615435693.8211267,84990,3.3260467052459717
1615435705.6266818,85040,5.092718124389648
1615435714.5321078,85080,4.369082450866699
1615435717.1814392,85090,-0.972219705581665
1615435747.6504855,85240,3.832587718963623
1615435815.791666,85550,7.844181537628174
1615435843.1634352,85670,5.2801408767700195
1615435856.7119484,85740,3.5043156147003174
1615435868.168414,85790,4.73267936706543
1615435898.9667988,85930,5.068482398986816
1615435919.4117944,86020,4.428272247314453
1615435951.5073333,86170,6.799712181091309
1615435974.8692698,86280,-0.47994735836982727
1615435989.2660315,86350,2.657578229904175
1615435991.1314187,86360,3.3833255767822266
1615436012.4386137,86450,2.1144962310791016
1615436095.2978714,86830,5.308600425720215
1615436114.7521605,86910,-0.950527012348175
1615436117.3778937,86920,4.848169326782227
1615436126.1175325,86960,0.08437132835388184
1615436196.6091547,87280,-1.6416831016540527
1615436297.1038227,87750,3.4402754306793213
1615436306.1255262,87790,1.6339973211288452
1615436343.624548,87970,8.085238456726074
1615436354.7248433,88020,3.4632585048675537
1615436393.6507385,88200,7.991168022155762
1615436400.3572445,88230,3.6013729572296143
1615436447.1462922,88440,0.05584728345274925
1615436471.29779,88550,8.049317359924316
1615436522.1441875,88790,4.140235900878906
1615436537.9588418,88860,-2.47798490524292
1615436574.8503027,89030,8.027337074279785
1615436578.458613,89050,1.9333276748657227
1615436584.9574587,89080,4.2861328125
1615436629.5884068,89290,5.461540699005127
1615436634.205862,89310,-5.207971096038818
1615436644.2549307,89360,6.237765312194824
1615436668.485804,89470,1.7635630369186401
1615436695.2249572,89590,8.073197364807129
1615436729.3845081,89760,8.387760162353516
1615436770.1493726,89940,5.16895055770874
1615436782.2768185,90000,5.391547203063965
1615436792.8489301,90050,5.292644500732422
1615436805.1937916,90100,-2.0500786304473877
1615436843.2340827,90280,3.3225114345550537
1615436845.7453978,90290,-0.8693667054176331
1615436901.1187913,90560,2.7316207885742188
1615436917.7159352,90640,5.551846981048584
1615436938.477174,90740,7.968864917755127
1615436961.2533445,90850,4.046579837799072
1615437004.3242798,91060,-0.686822772026062
1615437039.9049757,91240,7.747131824493408
1615437105.329045,91560,-0.41133490204811096
1615437108.4714081,91570,-1.8012062311172485
1615437120.6748493,91630,7.971548080444336
1615437231.1251707,92150,-4.044315814971924
1615437235.520021,92170,-1.0248486995697021
1615437256.5998826,92270,5.233425140380859
1615437270.6170716,92340,2.652573347091675
1615437328.6596792,92610,0.21305888891220093
1615437373.537083,92820,2.011619806289673
1615437397.6152217,92920,-0.6021314859390259
1615437435.6605527,93080,8.36236572265625
1615437440.6886623,93100,1.2829627990722656
1615437457.8404956,93170,0.5382612943649292
1615437533.223531,93490,-1.0458449125289917
1615437544.6165245,93540,-4.2693772315979
1615437567.952977,93650,0.2042476385831833
1615437578.9932108,93700,2.828336238861084
1615437679.7816055,94130,-2.1959123611450195
1615437686.339733,94160,8.006917953491211
1615437731.757546,94360,4.499514579772949
1615437745.3564737,94420,0.4208303689956665
1615437747.8447542,94430,2.4401822090148926
1615437807.6805508,94690,-4.784144401550293
1615437823.869107,94760,-0.029141541570425034
1615437968.1186452,95380,-4.481987476348877
1615437970.2220201,95390,8.11645221710205
1615437989.9031293,95480,3.557070732116699
1615438005.653439,95550,5.494069576263428
1615438012.6581218,95580,7.679083347320557
1615438027.153748,95650,-0.0595371387898922
1615438032.5803516,95680,4.394334316253662
1615438082.80635,95900,7.903720378875732
1615438106.946186,96010,-2.5499813556671143
1615438131.3948238,96120,-1.7327977418899536
1615438152.180149,96220,3.3056929111480713
1615438155.7608895,96240,8.222638130187988
1615438157.8776996,96250,5.974466800689697
1615438164.6759844,96280,3.8787240982055664
1615438217.5192697,96520,2.7641916275024414
1615438230.3257651,96580,5.798166751861572
1615438238.71711,96620,7.701630592346191
1615438280.7550492,96810,7.891359329223633
1615438304.6712623,96910,2.722039222717285
1615438324.301823,96990,-5.971414089202881
1615438351.1879613,97110,-2.5667500495910645
1615438441.752456,97510,0.4501679837703705
1615438461.2119765,97600,3.150223731994629
1615438463.3686693,97610,4.178922653198242
1615438481.32832,97690,2.8094193935394287
1615438501.1004415,97780,5.600428104400635
1615438576.9145596,98130,0.1835310310125351
1615438644.5529478,98410,8.075489044189453
1615438651.2468917,98440,0.07909838855266571
1615438739.5818188,98840,7.933988571166992
1615438791.013997,99080,7.870926380157471
1615438814.0497558,99180,-0.0619940347969532
1615438935.7627952,99730,7.807647705078125
1615438963.1076384,99860,-0.974560022354126
1615438987.073279,99970,5.361573219299316
1615439024.7846181,100150,2.8111510276794434
1615439096.380331,100510,0.4134442210197449
1615439106.4308941,100560,8.173453330993652
1615439108.1349447,100570,4.752359390258789
1615439112.834403,100590,-1.5462915897369385
1615439141.6050842,100730,7.802674293518066
1615439166.8015242,100850,2.5006346702575684
1615439187.711089,100950,7.9097418785095215
1615439214.8847775,101080,3.0553033351898193
1615439226.344086,101130,4.885796546936035
1615439228.2570517,101140,7.620896339416504
1615439258.1072462,101290,3.2758963108062744
1615439271.0503137,101350,4.756404876708984
1615439292.5349333,101450,3.205120801925659
1615439344.5721643,101690,0.3590293228626251
1615439379.8346128,101860,7.8888139724731445
1615439426.9714386,102080,-2.481691360473633
1615439491.5088916,102390,2.4417452812194824
1615439506.9262693,102460,3.48833966255188
1615439513.4019637,102490,8.00128173828125
1615439530.6259105,102570,3.1946916580200195
1615439564.1372743,102730,-2.044591188430786
1615439573.9287372,102770,5.555009841918945
1615439583.6407385,102820,3.095176935195923
1615439587.5301123,102840,6.554296493530273
1615439591.317924,102860,2.238247871398926
1615439598.0383985,102890,3.3258426189422607
1615439678.4864793,103240,2.009334087371826
1615439693.0352447,103310,7.367720127105713
1615439726.050202,103470,7.5111260414123535
1615439769.030112,103670,0.28875070810317993
1615439830.450844,103950,2.2752838134765625
1615439834.6167474,103970,8.135721206665039
1615439836.8049407,103980,4.873879432678223
1615439840.6986594,104000,-4.709719657897949
1615439852.3267784,104060,7.102031230926514
1615439871.024167,104150,7.873345375061035
1615439883.9106977,104210,5.781777381896973
1615439894.6220884,104260,2.6941068172454834
1615439953.5529943,104550,4.889960289001465
1615439983.52339,104690,-3.35988712310791
1615440005.2287257,104800,2.396925926208496
1615440025.9673107,104900,-0.6570568680763245
1615440034.7721767,104940,7.9069623947143555
1615440036.670745,104950,2.9671719074249268
1615440094.0832329,105230,1.2308274507522583
1615440112.502373,105320,8.216388702392578
1615440131.0719438,105400,0.060186225920915604
1615440161.1274815,105550,4.020927429199219
1615440163.227422,105560,0.08391132205724716
1615440187.8339164,105680,6.795527458190918
1615440253.0178792,105990,5.312559604644775
1615440272.523218,106080,7.3526763916015625
1615440300.2570283,106210,-2.099778652191162
1615440306.1568189,106240,4.040468215942383
1615440307.5770884,106250,7.836001873016357
1615440317.2983704,106300,8.35265064239502
1615440335.828519,106390,-2.7685329914093018
1615440352.8507814,106470,-0.7884515523910522
1615440366.4166253,106540,-3.6549346446990967
1615440369.0945654,106550,4.471664905548096
1615440406.4969888,106720,2.0423905849456787
1615440468.5818021,107020,2.5194993019104004
1615440491.7217457,107120,-2.218677282333374
1615440566.9526868,107490,-1.848030924797058
1615440586.3311672,107580,-1.7732062339782715
1615440588.6644795,107590,1.1553930044174194
1615440600.2020261,107650,7.791945934295654
1615440635.1523738,107810,-0.895078182220459
1615440650.375002,107880,2.832700490951538
1615440707.2459295,108160,3.176373243331909
1615440709.1074457,108170,2.175764560699463
1615440729.02885,108260,5.295238018035889
1615440739.000182,108310,7.411594390869141
1615440762.0759678,108420,3.517071008682251
1615440780.6701431,108510,3.689997434616089
1615440806.3489513,108650,8.3618803024292
1615440830.0436823,108760,2.330915689468384
1615440886.649965,109030,7.312423229217529
1615440892.620127,109060,2.263178825378418
1615440910.8543236,109150,5.441699028015137
1615440961.9571593,109400,-2.198103427886963
1615440971.3033357,109440,3.569532632827759
1615440990.885565,109530,5.378478050231934
1615441020.3017373,109670,-0.20185214281082153
1615441031.7440312,109730,7.865727424621582
1615441037.0848982,109750,-1.275685429573059
1615441108.645672,110090,2.835843086242676
1615441120.8791106,110150,8.337762832641602
1615441133.1660979,110210,2.7106239795684814
1615441137.663571,110230,6.59100866317749
1615441139.4819372,110240,4.498047351837158
1615441160.2355871,110340,3.850914478302002
1615441170.6924233,110390,8.2127103805542
1615441199.6173108,110530,5.890759468078613
1615441218.099516,110620,7.715322494506836
1615441250.7733083,110780,7.381621360778809
1615441305.6819267,111030,7.995842933654785
1615441345.8205888,111220,2.6897683143615723
1615441364.9459863,111310,-0.9581990242004395
1615441403.5161023,111490,1.5400924682617188
1615441440.747082,111670,7.925546169281006
1615441458.444337,111760,-1.6441364288330078
1615441505.5652733,111990,1.446934461593628
1615441510.6847608,112010,-0.17449317872524261
1615441512.3653572,112020,2.8029744625091553
1615441618.2573278,112530,0.4728645384311676
1615441635.4525957,112610,5.280992031097412
1615441641.1094844,112640,6.066784381866455
1615441659.6185374,112730,8.249792098999023
1615441693.7575433,112900,7.601066589355469
1615441736.9225876,113110,8.104232788085938
1615441768.743559,113260,2.053941011428833
1615441802.9119005,113420,4.230531692504883
1615441842.5927866,113620,-2.5406436920166016
1615441855.90015,113690,6.079004287719727
1615441870.3085005,113760,3.029751777648926
1615441880.5428572,113810,1.7314040660858154
1615441943.1679718,114120,7.969850063323975
1615441959.653119,114200,5.393594264984131
1615441964.1314673,114220,3.21243953704834
1615442037.7526374,114560,6.262870788574219
1615442043.097253,114590,-1.3100709915161133
1615442072.259389,114730,8.148426055908203
1615442076.0964565,114750,7.9591288566589355
1615442078.3051858,114760,5.772329330444336
1615442100.7302618,114870,3.639162063598633
1615442113.7054176,114930,8.359761238098145
1615442171.5608962,115210,-5.3792829513549805
1615442177.5047798,115240,4.415320873260498
1615442179.7404058,115250,1.7878496646881104
1615442192.3894906,115310,-3.0238845348358154
1615442196.7730427,115330,8.08630657196045
1615442232.7383742,115500,8.152896881103516
1615442249.7442877,115580,2.934014320373535
1615442270.007008,115670,4.710513591766357
1615442302.1006162,115820,3.181934118270874
1615442337.1923647,115980,2.574305772781372
1615442422.7342327,116370,8.031649589538574
1615442448.3237793,116490,2.592424154281616
1615442452.6682265,116510,0.08436117321252823
1615442474.8556023,116610,4.341496467590332
1615442498.8738046,116720,0.7976401448249817
1615442514.1006165,116790,-2.770352602005005
1615442528.7728558,116860,2.4991796016693115
1615442533.4068346,116880,8.03343391418457
1615442569.812202,117050,0.7530921101570129
1615442613.6844604,117240,-6.494070529937744
1615442694.0769417,117600,-2.3996646404266357
1615442716.587354,117700,5.682723045349121
1615442754.5743446,117870,-3.7342514991760254
1615442766.4979208,117930,7.978593349456787
1615442786.0168643,118020,0.6594939231872559
1615442852.6544678,118320,7.847164630889893
1615442904.8981235,118550,4.474207878112793
1615442906.770926,118560,7.6188063621521
1615442946.7505572,118740,5.3148698806762695
1615443007.4906754,119020,3.6343791484832764
1615443017.894885,119070,1.4861828088760376
1615443049.20323,119200,5.278714656829834
1615443051.6164784,119210,6.15278959274292
1615443080.1265907,119340,2.7048351764678955
1615443096.2545552,119420,7.869184970855713
1615443108.0047216,119470,-1.8784743547439575
1615443112.7533393,119490,1.1999093294143677
1615443114.9658406,119500,-0.6584705114364624
1615443162.297441,119700,8.917594909667969
1615443172.7512927,119750,3.809037685394287
1615443204.1758845,119890,2.403795003890991
1615443225.6789699,119990,4.7490973472595215
1615443236.6308756,120040,0.5559773445129395
1615443253.0673842,120110,-3.12585186958313
1615443288.916635,120260,-6.711184024810791
1615443297.919577,120300,-0.3735864758491516
1615443322.6055665,120420,2.083819627761841
1615443401.5083423,120770,4.031350135803223
1615443422.9166608,120860,-7.478573322296143
1615443433.732891,120910,4.90035343170166
1615443530.1937604,121340,2.7774956226348877
1615443541.0133784,121390,0.11453081667423248
1615443575.0568118,121540,1.1368073225021362
1615443599.040731,121650,5.346827983856201
1615443608.2251186,121690,-5.806081295013428
1615443644.8336887,121850,1.6269457340240479
1615443672.4158633,121980,5.744299411773682
1615443718.5719924,122180,-2.1491987705230713
1615443737.8767655,122270,1.0236549377441406
1615443756.0497775,122350,8.172259330749512
1615443802.5040493,122550,2.799391746520996
1615443837.8107376,122710,-0.0019409127999097109
1615443882.0461268,122910,-1.918617606163025
1615443889.1172488,122940,7.715005397796631
1615443926.4385197,123100,2.480517864227295
1615443957.6530023,123240,5.8200507164001465
1615443962.8979566,123260,2.5928213596343994
1615443988.2356005,123370,5.0901007652282715
1615444121.3771045,123970,6.1915364265441895
1615444140.6426022,124060,7.641407489776611
1615444142.6335664,124070,7.619107246398926
1615444208.2123373,124370,1.735154390335083
1615444248.088363,124560,8.449280738830566
1615444253.7944067,124590,5.312695026397705
1615444301.0162814,124810,-1.9757132530212402
1615444400.7026606,125250,-0.8439345359802246
1615444446.9952044,125460,6.454270839691162
1615444460.0016205,125520,8.293980598449707
1615444463.951647,125540,-0.14283965528011322
1615444508.5912197,125750,7.895060062408447
1615444557.054435,125970,5.765277862548828
1615444624.8535285,126260,2.7850306034088135
1615444698.2374084,126580,0.14678199589252472
1615444730.2762628,126720,3.57865571975708
1615444763.8287582,126880,7.895397186279297
1615444791.477471,127000,6.382103443145752
1615444926.3430517,127590,3.8593764305114746
1615444961.5789402,127750,6.309828758239746
1615445035.5922112,128060,5.7075886726379395
1615445054.0702176,128140,2.158057451248169
1615445105.872796,128350,-7.430155277252197
1615445161.47977,128600,5.345932483673096
1615445172.8371341,128650,7.119243621826172
1615445202.5114071,128780,2.9309213161468506
1615445232.8404763,128910,-2.5778000354766846
1615445247.2259414,128970,-2.8813459873199463
1615445340.876111,129390,6.04123592376709
1615445343.286123,129400,-7.139686107635498
1615445354.832926,129450,8.15953254699707
1615445366.7926574,129500,-6.545051574707031
1615445388.3376956,129600,6.023137092590332
1615445457.0147328,129900,8.509456634521484
1615445486.060888,130030,7.3871684074401855
1615445520.0413306,130180,2.8068573474884033
1615445557.930021,130350,4.551459312438965
1615445617.7099562,130620,-1.4138375520706177
1615445619.6082323,130630,0.9305760264396667
1615445638.5267851,130710,6.783759117126465
1615445665.252976,130830,6.8849263191223145
1615445672.0063827,130860,3.2624213695526123
1615445690.6004958,130950,8.388274192810059
1615445725.2648506,131100,2.300905227661133
1615445735.4947789,131140,-3.459068536758423
1615445740.2230172,131160,6.209913730621338
1615445773.8552413,131310,3.00584077835083
1615445812.5795507,131490,-0.291612833738327
1615445854.9114373,131670,4.883749485015869
1615445889.4474087,131820,-2.3186886310577393
1615445913.1110067,131920,-0.2897728979587555
1615445921.2450082,131950,1.3294658660888672
1615445947.7280698,132070,7.850148677825928
1615445949.6119525,132080,8.185807228088379
1615445959.389875,132120,4.5186076164245605
1615446019.9847639,132400,8.365354537963867
1615446077.208817,132660,4.591119289398193
1615446150.5899608,132990,3.843046188354492
1615446163.1626883,133040,5.114077091217041
1615446185.6400108,133140,2.6242146492004395
1615446269.527372,133500,2.834857225418091
1615446281.9523833,133550,-1.3028802871704102
1615446391.0511737,134030,-4.4066619873046875
1615446400.2969666,134070,7.138482570648193
1615446445.9894087,134270,3.536494731903076
1615446554.6874566,134750,-2.566685199737549
1615446556.8792388,134760,7.569555759429932
1615446615.3373232,135020,5.546262741088867
1615446622.7120783,135050,8.089742660522461
1615446727.8695176,135470,2.794349431991577
1615446730.954205,135480,4.829645156860352
